source_zip_path	source_sha256	evidence_register_row	evidence_id	register_original_filename_used	register_standardized_filename_used	original_output_path	standardized_output_path
01_ORIGINAL_EVIDENCE/Discord Exports/01_Originals/UMA_1775946625_Thread _1492668186179666113/UMA - 💬｜dispute-threads - Will _Donk_ be said during the PGL Bucharest 2026 Grand Final_ - 1775946625 [1492668186179666113].html	ce4e941ea499c098714f5022bf341796d4d81992b7d0d4b53c5119d63f4a2422	105	DCE-002	01_Originals/UMA_1775946625_Thread _1492668186179666113/UMA - 💬｜dispute-threads - Will _Donk_ be said during the PGL Bucharest 2026 Grand Final_ - 1775946625 [1492668186179666113].html	DCE-002_UMA_Donk_thread_original.html	01_ORIGINAL_EVIDENCE/Discord Exports/01_Originals/UMA_1775946625_Thread _1492668186179666113/UMA - 💬｜dispute-threads - Will _Donk_ be said during the PGL Bucharest 2026 Grand Final_ - 1775946625 [1492668186179666113].html	04_Standardized_Evidence/Discord Exports/01_Originals/UMA_1775946625_Thread _1492668186179666113/DCE-002_UMA_Donk_thread_original.html
01_ORIGINAL_EVIDENCE/Discord Exports/01_Originals/UMA_1775946625_Thread _1492668186179666113/UMA - 💬｜dispute-threads - Will _Donk_ be said during the PGL Bucharest 2026 Grand Final_ - 1775946625 [1492668186179666113].json	d70275b64d09bf505642e40eddb751496133eee12234328278c9882d4e972ffb	106	DCE-003	01_Originals/UMA_1775946625_Thread _1492668186179666113/UMA - 💬｜dispute-threads - Will _Donk_ be said during the PGL Bucharest 2026 Grand Final_ - 1775946625 [1492668186179666113].json	DCE-003_UMA_Donk_thread_original.json	01_ORIGINAL_EVIDENCE/Discord Exports/01_Originals/UMA_1775946625_Thread _1492668186179666113/UMA - 💬｜dispute-threads - Will _Donk_ be said during the PGL Bucharest 2026 Grand Final_ - 1775946625 [1492668186179666113].json	04_Standardized_Evidence/Discord Exports/01_Originals/UMA_1775946625_Thread _1492668186179666113/DCE-003_UMA_Donk_thread_original.json
01_ORIGINAL_EVIDENCE/Discord Exports/01_Originals/UMA_Channel_719352532354465833/UMA _719352532354465833_03_07_2025_to_06_07_2025.html	cb1474253dcf1b2a5768502c5f2a625348c84828caca2a1717be5dd6726d145c	107	DCE-004	01_Originals/UMA_Channel_719352532354465833/UMA _719352532354465833_03_07_2025_to_06_07_2025.html	DCE-004_UMA_voting_discussion_2025-07-03_to_2025-07-06_original.html	01_ORIGINAL_EVIDENCE/Discord Exports/01_Originals/UMA_Channel_719352532354465833/UMA _719352532354465833_03_07_2025_to_06_07_2025.html	04_Standardized_Evidence/Discord Exports/01_Originals/UMA_Channel_719352532354465833/DCE-004_UMA_voting_discussion_2025-07-03_to_2025-07-06_original.html
01_ORIGINAL_EVIDENCE/Discord Exports/01_Originals/UMA_Channel_719352532354465833/UMA _719352532354465833_03_07_2025_to_06_07_2025.json	83548a8c3e32727088d56be416202d85536eaf9f858e38409867851824b99fa0	108	DCE-005	01_Originals/UMA_Channel_719352532354465833/UMA _719352532354465833_03_07_2025_to_06_07_2025.json	DCE-005_UMA_voting_discussion_2025-07-03_to_2025-07-06_original.json	01_ORIGINAL_EVIDENCE/Discord Exports/01_Originals/UMA_Channel_719352532354465833/UMA _719352532354465833_03_07_2025_to_06_07_2025.json	04_Standardized_Evidence/Discord Exports/01_Originals/UMA_Channel_719352532354465833/DCE-005_UMA_voting_discussion_2025-07-03_to_2025-07-06_original.json
01_ORIGINAL_EVIDENCE/Discord Exports/01_Originals/UMA_Thread_1515853475681009704/UMA - 💬｜dispute-threads - US x Iran permanent peace deal by June 15, 2026_ - 1781475979 [1515853475681009704].html	e8944a8dfea612f7551350a20633cca2fb4e69f535dc7e886f52c7a962b82d0f	109	DCE-006	01_Originals/UMA_Thread_1515853475681009704/UMA - 💬｜dispute-threads - US x Iran permanent peace deal by June 15, 2026_ - 1781475979 [1515853475681009704].html	DCE-006_UMA_US_Iran_June15_thread_original.html	01_ORIGINAL_EVIDENCE/Discord Exports/01_Originals/UMA_Thread_1515853475681009704/UMA - 💬｜dispute-threads - US x Iran permanent peace deal by June 15, 2026_ - 1781475979 [1515853475681009704].html	04_Standardized_Evidence/Discord Exports/01_Originals/UMA_Thread_1515853475681009704/DCE-006_UMA_US_Iran_June15_thread_original.html
01_ORIGINAL_EVIDENCE/Discord Exports/01_Originals/UMA_Thread_1515853475681009704/UMA - 💬｜dispute-threads - US x Iran permanent peace deal by June 15, 2026_ - 1781475979 [1515853475681009704].json	acf69026d4443d129995c58a18cba0a8cb6d3cbdb5d3174c0a4fdabb6efb3e00	110	DCE-007	01_Originals/UMA_Thread_1515853475681009704/UMA - 💬｜dispute-threads - US x Iran permanent peace deal by June 15, 2026_ - 1781475979 [1515853475681009704].json	DCE-007_UMA_US_Iran_June15_thread_original.json	01_ORIGINAL_EVIDENCE/Discord Exports/01_Originals/UMA_Thread_1515853475681009704/UMA - 💬｜dispute-threads - US x Iran permanent peace deal by June 15, 2026_ - 1781475979 [1515853475681009704].json	04_Standardized_Evidence/Discord Exports/01_Originals/UMA_Thread_1515853475681009704/DCE-007_UMA_US_Iran_June15_thread_original.json
01_ORIGINAL_EVIDENCE/Discord Exports/02_Readable_HTML/UMA _719352532354465833_03_07_2025_to_06_07_2025.html	cb1474253dcf1b2a5768502c5f2a625348c84828caca2a1717be5dd6726d145c	107	DCE-004	01_Originals/UMA_Channel_719352532354465833/UMA _719352532354465833_03_07_2025_to_06_07_2025.html	DCE-004_UMA_voting_discussion_2025-07-03_to_2025-07-06_original.html	01_ORIGINAL_EVIDENCE/Discord Exports/02_Readable_HTML/UMA _719352532354465833_03_07_2025_to_06_07_2025.html	04_Standardized_Evidence/Discord Exports/02_Readable_HTML/DCE-004_UMA_voting_discussion_2025-07-03_to_2025-07-06_original.html
01_ORIGINAL_EVIDENCE/Discord Exports/02_Readable_HTML/UMA_1781475979_1515853475681009704.html	e8944a8dfea612f7551350a20633cca2fb4e69f535dc7e886f52c7a962b82d0f	112	DCE-009	02_Readable_HTML/UMA_1781475979_1515853475681009704.html	DCE-009_UMA_US_Iran_June15_thread_readable.html	01_ORIGINAL_EVIDENCE/Discord Exports/02_Readable_HTML/UMA_1781475979_1515853475681009704.html	04_Standardized_Evidence/Discord Exports/02_Readable_HTML/DCE-009_UMA_US_Iran_June15_thread_readable.html
01_ORIGINAL_EVIDENCE/Discord Exports/03_Screenshot_Context/HLpHylzagAAbWDx.png	45e588852ee0c087069eaa5dcc1d468d44d9625792f3648703cf97a42a54d344	113	DCE-010	03_Screenshot_Context/HLpHylzagAAbWDx.png	DCE-010_Davy_Jones_UMA_tokens_force_it_through.png	01_ORIGINAL_EVIDENCE/Discord Exports/03_Screenshot_Context/HLpHylzagAAbWDx.png	04_Standardized_Evidence/Discord Exports/03_Screenshot_Context/DCE-010_Davy_Jones_UMA_tokens_force_it_through.png
01_ORIGINAL_EVIDENCE/Discord Exports/03_Screenshot_Context/HLpICwha8AEY4tZ.png	917440dc050211ea21abba9d03938c580aeb53797976b9ca75c42f303d83eb11	114	DCE-011	03_Screenshot_Context/HLpICwha8AEY4tZ.png	DCE-011_borntoolate_other_whales_same_page.png	01_ORIGINAL_EVIDENCE/Discord Exports/03_Screenshot_Context/HLpICwha8AEY4tZ.png	04_Standardized_Evidence/Discord Exports/03_Screenshot_Context/DCE-011_borntoolate_other_whales_same_page.png
01_ORIGINAL_EVIDENCE/Discord Exports/03_Screenshot_Context/image.png	6aa83497028adb5e501143af6eda1083cfabf596941840128b3b13f7388a6aea	115	DCE-012	03_Screenshot_Context/image.png	DCE-012_public_commentary_yes_whales_interim_mou.png	01_ORIGINAL_EVIDENCE/Discord Exports/03_Screenshot_Context/image.png	04_Standardized_Evidence/Discord Exports/03_Screenshot_Context/DCE-012_public_commentary_yes_whales_interim_mou.png
01_ORIGINAL_EVIDENCE/Discord Exports/03_Screenshot_Context/Screenshot 2026-06-25 225656.png	7eb27b1bdf0d3d8a7392d73c631602b1c44ff7dabecb3fc321a07f1b52c0ee03	116	DCE-013	03_Screenshot_Context/Screenshot 2026-06-25 225656.png	DCE-013_Verdit_X_post_UMA_token_holder_warning.png	01_ORIGINAL_EVIDENCE/Discord Exports/03_Screenshot_Context/Screenshot 2026-06-25 225656.png	04_Standardized_Evidence/Discord Exports/03_Screenshot_Context/DCE-013_Verdit_X_post_UMA_token_holder_warning.png
01_ORIGINAL_EVIDENCE/Discord Exports/03_Screenshot_Context/Screenshot 2026-06-25 230359.png	335b9d49426d59da5a543dcd2453f560ea268e53caebcfe65702939251bbe14a	117	DCE-014	03_Screenshot_Context/Screenshot 2026-06-25 230359.png	DCE-014_borntoolate_message_context_search_result.png	01_ORIGINAL_EVIDENCE/Discord Exports/03_Screenshot_Context/Screenshot 2026-06-25 230359.png	04_Standardized_Evidence/Discord Exports/03_Screenshot_Context/DCE-014_borntoolate_message_context_search_result.png
01_ORIGINAL_EVIDENCE/Discord Exports/03_Screenshot_Context/Screenshot 2026-06-26 114208.png	388a2ef8240031efb4f5a26e033a669bf41e425f0218f1311e5fa428640808a7	118	DCE-015	03_Screenshot_Context/Screenshot 2026-06-26 114208.png	DCE-015_borntoolate_fulfilled_my_part_agreement.png	01_ORIGINAL_EVIDENCE/Discord Exports/03_Screenshot_Context/Screenshot 2026-06-26 114208.png	04_Standardized_Evidence/Discord Exports/03_Screenshot_Context/DCE-015_borntoolate_fulfilled_my_part_agreement.png
01_ORIGINAL_EVIDENCE/Discord Exports/03_Screenshot_Context/Screenshot 2026-06-26 114557.png	e83ba9e8a9383ce1332aa4de561e7853e6b437b2061a243d8905aa16c1115a86	119	DCE-016	03_Screenshot_Context/Screenshot 2026-06-26 114557.png	DCE-016_drespasmo_Lazarus_US_Iran_dispute_context.png	01_ORIGINAL_EVIDENCE/Discord Exports/03_Screenshot_Context/Screenshot 2026-06-26 114557.png	04_Standardized_Evidence/Discord Exports/03_Screenshot_Context/DCE-016_drespasmo_Lazarus_US_Iran_dispute_context.png
01_ORIGINAL_EVIDENCE/Discord Exports/03_Screenshot_Context/Screenshot_2026-06-25-21-32-00-92_572064f74bd5f9fa804b05334aa4f912.jpg	9526da52380baf62167410bdbcf9442d19f43c8f7b4a7e5516607062138dc869	120	DCE-017	03_Screenshot_Context/Screenshot_2026-06-25-21-32-00-92_572064f74bd5f9fa804b05334aa4f912.jpg	DCE-017_Donk_thread_vote_argument_largest_NO_holder.png	01_ORIGINAL_EVIDENCE/Discord Exports/03_Screenshot_Context/Screenshot_2026-06-25-21-32-00-92_572064f74bd5f9fa804b05334aa4f912.jpg	04_Standardized_Evidence/Discord Exports/03_Screenshot_Context/DCE-017_Donk_thread_vote_argument_largest_NO_holder.png
01_ORIGINAL_EVIDENCE/Discord Exports/05_Hashes/Discord_Exports_hashes_sha256_manifest.csv	979c8536684c9f08b722f05ebe4410d2ace3a9a963f9e30edb18fa1b30a7bfc0	121	DCE-018	05_Hashes/Discord_Exports_hashes_sha256_manifest.csv	DCE-018_Discord_exports_SHA256_manifest.csv	01_ORIGINAL_EVIDENCE/Discord Exports/05_Hashes/Discord_Exports_hashes_sha256_manifest.csv	04_Standardized_Evidence/Discord Exports/05_Hashes/DCE-018_Discord_exports_SHA256_manifest.csv
01_ORIGINAL_EVIDENCE/Discord Exports/05_Hashes/Images_original_hashes_sha256.csv	c5fc423c837e8cf3f1777c9984db1fdd6d77b73cfb671b4cce4205a699719897	122	DCE-019	05_Hashes/Images_original_hashes_sha256.csv	DCE-019_Discord_screenshot_images_SHA256_manifest.csv	01_ORIGINAL_EVIDENCE/Discord Exports/05_Hashes/Images_original_hashes_sha256.csv	04_Standardized_Evidence/Discord Exports/05_Hashes/DCE-019_Discord_screenshot_images_SHA256_manifest.csv
01_ORIGINAL_EVIDENCE/Discord Exports/EVC-001_evidence_channel_export.html	1b2d4118b8c4ca8c408a5bc3746bab3d51b49e09824102ad43f121762f7ef523	124	EVC-001	POLYMARKET UMA scam - 🔍 ┃ EVIDENCE & RESEARCH - 📂┃evidences [1517091731236192418].json	Discord Exports/EVC-001_evidence_channel_export.html	01_ORIGINAL_EVIDENCE/Discord Exports/POLYMARKET UMA scam - 🔍 ┃ EVIDENCE & RESEARCH - 📂┃evidences [1517091731236192418].json	04_Standardized_Evidence/Discord Exports/EVC-001_evidence_channel_export.html
01_ORIGINAL_EVIDENCE/Discord Exports/UMA whale messages.xlsx	8e04674dd78483f5a9cdb36ad910d1ced075f863a87ff5e15144da2b8da86697	123	DCE-020	UMA whale messages.xlsx	DCE-020_UMA_whale_messages_index.xlsx	01_ORIGINAL_EVIDENCE/Discord Exports/UMA whale messages.xlsx	04_Standardized_Evidence/Discord Exports/DCE-020_UMA_whale_messages_index.xlsx
01_ORIGINAL_EVIDENCE/Insider Trading News/Benni (UMA Discord owner) appearance.rar	a51d42a76c0febc73d6878426285c867bf4b6ee7297b4f178feca6c656924548	129	EVC-006	Assets/Benni_UMA_Discord_owner_appearance-23df4b07753333f9.rar	UMA disputers coordination/EVC-006_03_Benni_UMA_Discord_owner_appearance-23df4b07753333f9.rar	01_ORIGINAL_EVIDENCE/Insider Trading News/Benni_UMA_Discord_owner_appearance-23df4b07753333f9.rar	04_Standardized_Evidence/Insider Trading News/EVC-006_03_Benni_UMA_Discord_owner_appearance-23df4b07753333f9.rar
01_ORIGINAL_EVIDENCE/Insider Trading News/bots behaviour chat - discord.png	ae2129fb6e5ba4d0be76b9c9b47f70e0add5b50dedffd525ab2afe2b9fb65396	130	EVC-007	Assets/image-4cae564b791be8ab.png	Trade History/EVC-007_02_image-4cae564b791be8ab.png	01_ORIGINAL_EVIDENCE/Insider Trading News/image-4cae564b791be8ab.png	04_Standardized_Evidence/Insider Trading News/EVC-007_02_image-4cae564b791be8ab.png
01_ORIGINAL_EVIDENCE/Insider Trading News/EVC-008_01_image0-4386278a36442e8c.jpg	a1fd99535021db96b6c0b93cb1b5d2219d721c789cc9f54f506a094bf2dd757d	131	EVC-008	Assets/image0-4386278a36442e8c.jpg	Insider Trading News/EVC-008_01_image0-4386278a36442e8c.jpg	01_ORIGINAL_EVIDENCE/Insider Trading News/image0-4386278a36442e8c.jpg	04_Standardized_Evidence/Insider Trading News/EVC-008_01_image0-4386278a36442e8c.jpg
01_ORIGINAL_EVIDENCE/Insider Trading News/EVC-008_02_image0-02e670cd80f5b8e5.jpg	805c27c9bbc2ecadf5e1583240702c047a6cc12673270c3a2a3936fb494470b2	131	EVC-008	Assets/image0-02e670cd80f5b8e5.jpg	Insider Trading News/EVC-008_02_image0-02e670cd80f5b8e5.jpg	01_ORIGINAL_EVIDENCE/Insider Trading News/image0-02e670cd80f5b8e5.jpg	04_Standardized_Evidence/Insider Trading News/EVC-008_02_image0-02e670cd80f5b8e5.jpg
01_ORIGINAL_EVIDENCE/Insider Trading News/EVC-008_03_image0-7e9659a1d5c8a64c.jpg	1fb749e19f7f94499270fdf6dd40b0aba29d41429a9317ebc916b63eb05b0bbb	131	EVC-008	Assets/image0-7e9659a1d5c8a64c.jpg	Insider Trading News/EVC-008_03_image0-7e9659a1d5c8a64c.jpg	01_ORIGINAL_EVIDENCE/Insider Trading News/image0-7e9659a1d5c8a64c.jpg	04_Standardized_Evidence/Insider Trading News/EVC-008_03_image0-7e9659a1d5c8a64c.jpg
01_ORIGINAL_EVIDENCE/Insider Trading News/EVC-008_04_image0-fd1b4d7f9a804c38.jpg	c5147761cd9f822cc4de00abdb0c6dfd610e4b0f8e6803b14c763360c1bde81a	131	EVC-008	Assets/image0-fd1b4d7f9a804c38.jpg	Insider Trading News/EVC-008_04_image0-fd1b4d7f9a804c38.jpg	01_ORIGINAL_EVIDENCE/Insider Trading News/image0-fd1b4d7f9a804c38.jpg	04_Standardized_Evidence/Insider Trading News/EVC-008_04_image0-fd1b4d7f9a804c38.jpg
01_ORIGINAL_EVIDENCE/Insider Trading News/EVC-008_05_2C5867BF-F37B-4CE6-B39C-3CBF2B7B0B56-9625bd9d737af218.jpg	0441e520a184eb78c5a1059eeda6aa1b07fd1014c22222a0b669ce3e23f49c25	131	EVC-008	Assets/2C5867BF-F37B-4CE6-B39C-3CBF2B7B0B56-9625bd9d737af218.jpg	Insider Trading News/EVC-008_05_2C5867BF-F37B-4CE6-B39C-3CBF2B7B0B56-9625bd9d737af218.jpg	01_ORIGINAL_EVIDENCE/Insider Trading News/2C5867BF-F37B-4CE6-B39C-3CBF2B7B0B56-9625bd9d737af218.jpg	04_Standardized_Evidence/Insider Trading News/EVC-008_05_2C5867BF-F37B-4CE6-B39C-3CBF2B7B0B56-9625bd9d737af218.jpg
01_ORIGINAL_EVIDENCE/Insider Trading News/EVC-008_06_IMG_3478-fbb828b1cb7d3aeb.png	2b36930283c6c5d671b2b41d030c37274af938bc69b91780b3fc0d8c6cdd99c7	131	EVC-008	Assets/IMG_3478-fbb828b1cb7d3aeb.png	Insider Trading News/EVC-008_06_IMG_3478-fbb828b1cb7d3aeb.png	01_ORIGINAL_EVIDENCE/Insider Trading News/IMG_3478-fbb828b1cb7d3aeb.png	04_Standardized_Evidence/Insider Trading News/EVC-008_06_IMG_3478-fbb828b1cb7d3aeb.png
01_ORIGINAL_EVIDENCE/Insider Trading News/EVC-008_07_IMG_3477-6148232d1b947e41.png	04704d631da9162893eab371afebd18b38af0d5c46ff0cb90f6ce8d00a401663	131	EVC-008	Assets/IMG_3477-6148232d1b947e41.png	Insider Trading News/EVC-008_07_IMG_3477-6148232d1b947e41.png	01_ORIGINAL_EVIDENCE/Insider Trading News/IMG_3477-6148232d1b947e41.png	04_Standardized_Evidence/Insider Trading News/EVC-008_07_IMG_3477-6148232d1b947e41.png
01_ORIGINAL_EVIDENCE/Insider Trading News/EVC-008_08_IMG_3476-c2d7895961d089ab.png	80bddbcd3ebda2d9d1cf7179afe128f5d0f4d182b8d31c7c235768fc390921e5	131	EVC-008	Assets/IMG_3476-c2d7895961d089ab.png	Insider Trading News/EVC-008_08_IMG_3476-c2d7895961d089ab.png	01_ORIGINAL_EVIDENCE/Insider Trading News/IMG_3476-c2d7895961d089ab.png	04_Standardized_Evidence/Insider Trading News/EVC-008_08_IMG_3476-c2d7895961d089ab.png
01_ORIGINAL_EVIDENCE/Insider Trading News/EVC-008_09_image-0d369a9e50bf8c0e.png	01b86508d5065ab530d823f8142a9bc0886a5078bced7f3fd60e6e620ec1e356	131	EVC-008	Assets/image-0d369a9e50bf8c0e.png	Insider Trading News/EVC-008_09_image-0d369a9e50bf8c0e.png	01_ORIGINAL_EVIDENCE/Insider Trading News/image-0d369a9e50bf8c0e.png	04_Standardized_Evidence/Insider Trading News/EVC-008_09_image-0d369a9e50bf8c0e.png
01_ORIGINAL_EVIDENCE/Insider Trading News/EVC-009_01_HLLTrB8aAAAyh5A-e39071187a5290cc.jpg_large	569a1ee12f646660f4952ce33ba39ec84c2fe3398bb480346d18536e2efd1340	132	EVC-009	Assets/HLLTrB8aAAAyh5A-e39071187a5290cc.jpg_large	Insider Trading News/EVC-009_01_HLLTrB8aAAAyh5A-e39071187a5290cc.jpg_large	01_ORIGINAL_EVIDENCE/Insider Trading News/HLLTrB8aAAAyh5A-e39071187a5290cc.jpg_large	04_Standardized_Evidence/Insider Trading News/EVC-009_01_HLLTrB8aAAAyh5A-e39071187a5290cc.jpg_large
01_ORIGINAL_EVIDENCE/Insider Trading News/EVC-009_02_HLKxQ77bcAAjuw5-c34c369fe55830ee.jpg_large	d68e69254b0e713e2c5989e95c81acf4dd71583379154e45fd680802223b6a94	132	EVC-009	Assets/HLKxQ77bcAAjuw5-c34c369fe55830ee.jpg_large	Insider Trading News/EVC-009_02_HLKxQ77bcAAjuw5-c34c369fe55830ee.jpg_large	01_ORIGINAL_EVIDENCE/Insider Trading News/HLKxQ77bcAAjuw5-c34c369fe55830ee.jpg_large	04_Standardized_Evidence/Insider Trading News/EVC-009_02_HLKxQ77bcAAjuw5-c34c369fe55830ee.jpg_large
01_ORIGINAL_EVIDENCE/Insider Trading News/EVC-011_01_Investigation_Report-3857a64b9ca49b13.md	e413e64778b0704b858799835ec777fb25a386f227836b7bebd750d82b19ab09	134	EVC-011	Assets/Investigation_Report-3857a64b9ca49b13.md	Insider Trading News/EVC-011_01_Investigation_Report-3857a64b9ca49b13.md	01_ORIGINAL_EVIDENCE/Insider Trading News/Investigation_Report-3857a64b9ca49b13.md	04_Standardized_Evidence/Insider Trading News/EVC-011_01_Investigation_Report-3857a64b9ca49b13.md
01_ORIGINAL_EVIDENCE/Insider Trading News/EVC-015_01_2070179486335983686-42adcacf23bb83f3.png	f91f3c766d2689c2287384f996e4bbbca3598909048cb3ddc1327b70e19c3df0	138	EVC-015	Assets/2070179486335983686-42adcacf23bb83f3	Insider Trading News/EVC-015_01_2070179486335983686-42adcacf23bb83f3.png	01_ORIGINAL_EVIDENCE/Insider Trading News/2070179486335983686-42adcacf23bb83f3	04_Standardized_Evidence/Insider Trading News/EVC-015_01_2070179486335983686-42adcacf23bb83f3.png
01_ORIGINAL_EVIDENCE/Insider Trading News/EVC-015_02_2069501943551086870-c38b5c77f46b0fe9.png	bd17e350de2a43d8a02d09b0e7385a06c4afdbe7cee1a7a67c134cc86b294833	138	EVC-015	Assets/2069501943551086870-c38b5c77f46b0fe9	Insider Trading News/EVC-015_02_2069501943551086870-c38b5c77f46b0fe9.png	01_ORIGINAL_EVIDENCE/Insider Trading News/2069501943551086870-c38b5c77f46b0fe9	04_Standardized_Evidence/Insider Trading News/EVC-015_02_2069501943551086870-c38b5c77f46b0fe9.png
01_ORIGINAL_EVIDENCE/Insider Trading News/EVC-015_03_gettyimages-2283273999-7d0ad2ab680d884c.jpg	2f38f92e6d37d07613f7a49241f07111cb9ebc0fcaa7d81ca1d4da973a682d56	138	EVC-015	Assets/gettyimages-2283273999-7d0ad2ab680d884c.jpg	Insider Trading News/EVC-015_03_gettyimages-2283273999-7d0ad2ab680d884c.jpg	01_ORIGINAL_EVIDENCE/Insider Trading News/gettyimages-2283273999-7d0ad2ab680d884c.jpg	04_Standardized_Evidence/Insider Trading News/EVC-015_03_gettyimages-2283273999-7d0ad2ab680d884c.jpg
01_ORIGINAL_EVIDENCE/Insider Trading News/EVC-015_04_2070556848311222575-895321ab2d7ab9b5.png	0a97de83bf4d52279e8b261a8a4aca95fd82e9c065a4b823188fa397eb2e704f	138	EVC-015	Assets/2070556848311222575-895321ab2d7ab9b5	Insider Trading News/EVC-015_04_2070556848311222575-895321ab2d7ab9b5.png	01_ORIGINAL_EVIDENCE/Insider Trading News/2070556848311222575-895321ab2d7ab9b5	04_Standardized_Evidence/Insider Trading News/EVC-015_04_2070556848311222575-895321ab2d7ab9b5.png
01_ORIGINAL_EVIDENCE/Insider Trading News/EVC-015_05_2069436413599465776-b6a5066f2de44b2d.png	9a910d009cdda648120e245b4f654a530ec11428d36941d0fcf369f5d5683223	138	EVC-015	Assets/2069436413599465776-b6a5066f2de44b2d	Insider Trading News/EVC-015_05_2069436413599465776-b6a5066f2de44b2d.png	01_ORIGINAL_EVIDENCE/Insider Trading News/2069436413599465776-b6a5066f2de44b2d	04_Standardized_Evidence/Insider Trading News/EVC-015_05_2069436413599465776-b6a5066f2de44b2d.png
01_ORIGINAL_EVIDENCE/Insider Trading News/Polymarket Market chat - AnkaraMessii.png	9c648fad6d1ac4c314633089b609b3264641ffa2967345341c61aa7b4a4a62b8	130	EVC-007	Assets/image-cc785c9e02ccf7d9.png	Trade History/EVC-007_01_image-cc785c9e02ccf7d9.png	01_ORIGINAL_EVIDENCE/Insider Trading News/image-cc785c9e02ccf7d9.png	04_Standardized_Evidence/Insider Trading News/EVC-007_01_image-cc785c9e02ccf7d9.png
01_ORIGINAL_EVIDENCE/Insider Trading News/UMA autopilot ad - 2.png	997f1b5ea288f6f06dc10a489d0e9c50a73784d7bdb6bb7c398a65df3ea2866b	17	EV-023	UMA autopilot ad - 2.png	EV-033_communication_uma_autopilot_whale_power_statement.png	01_ORIGINAL_EVIDENCE/Insider Trading News/UMA autopilot ad - 2.png	04_Standardized_Evidence/Insider Trading News/EV-033_communication_uma_autopilot_whale_power_statement.png
01_ORIGINAL_EVIDENCE/Insider Trading News/UMA dispute arguements.png	39886db7e1963a5b73e2bde5019c9e8ad99cca2b475e09b5769ba9e0526a8daf	18	EV-024	UMA dispute arguements.png	EV-034_communication_polymarket_ai_summary_no_yes_arguments.png	01_ORIGINAL_EVIDENCE/Insider Trading News/UMA dispute arguements.png	04_Standardized_Evidence/Insider Trading News/EV-034_communication_polymarket_ai_summary_no_yes_arguments.png
01_ORIGINAL_EVIDENCE/Insider Trading News/UMA.rocks autopilot ad.png	b4df64c790601905a6345e242b127f406107c12a871d23d131274f63c978587c	129	EVC-006	Assets/image-dbd98beb30ddb682.png	UMA disputers coordination/EVC-006_01_image-dbd98beb30ddb682.png	01_ORIGINAL_EVIDENCE/Insider Trading News/image-dbd98beb30ddb682.png	04_Standardized_Evidence/Insider Trading News/EVC-006_01_image-dbd98beb30ddb682.png
01_ORIGINAL_EVIDENCE/Market Page/EVC-014_01_Screenshot_2026-06-21_at_14.48.41-664896eae72a7bf8.png	e276f80a96323c96db0c49693ba27d6139501944f2e828b5cf5ee3d2a6963f39	137	EVC-014	Assets/Screenshot_2026-06-21_at_14.48.41-664896eae72a7bf8.png	Market Page/EVC-014_01_Screenshot_2026-06-21_at_14.48.41-664896eae72a7bf8.png	01_ORIGINAL_EVIDENCE/Market Page/Screenshot_2026-06-21_at_14.48.41-664896eae72a7bf8.png	04_Standardized_Evidence/Market Page/EVC-014_01_Screenshot_2026-06-21_at_14.48.41-664896eae72a7bf8.png
01_ORIGINAL_EVIDENCE/Market Page/Polymarket - Market Page - 2.png	c54f63df20fbfc594d7ed010d247168cab1126b37017ed17d56f237fa1f6858f	57	PM-RULE-002	Polymarket - Market Page - 2.png	PM-RULE-002_polymarket_target_market_rules_final_yes_desktop.png	01_ORIGINAL_EVIDENCE/Market Page/Polymarket - Market Page - 2.png	04_Standardized_Evidence/Market Page/PM-RULE-002_polymarket_target_market_rules_final_yes_desktop.png
01_ORIGINAL_EVIDENCE/Market Page/Polymarket - Market Page.png	f4ea1981420328e43caba66d13e50c76f404b0c5fb1d3eddd53c9a4b74ee0e58	58	PM-MKT-001	Polymarket - Market Page.png	PM-MKT-001_polymarket_related_market_dates_desktop.png	01_ORIGINAL_EVIDENCE/Market Page/Polymarket - Market Page.png	04_Standardized_Evidence/Market Page/PM-MKT-001_polymarket_related_market_dates_desktop.png
01_ORIGINAL_EVIDENCE/Market Page/screencapture-oracle-uma-xyz-2026-06-16-12_53_57.png	f78d9d44025862b302263f478b6248da9dcdc5d86d71480a13d7cfb794697710	135	EVC-012	Assets/screencapture-oracle-uma-xyz-2026-06-16-12-a15f15c07ed09435.png	UMA disputers coordination/EVC-012_02_screencapture-oracle-uma-xyz-2026-06-16-12-a15f15c07ed09435.png	01_ORIGINAL_EVIDENCE/Market Page/screencapture-oracle-uma-xyz-2026-06-16-12-a15f15c07ed09435.png	04_Standardized_Evidence/Market Page/EVC-012_02_screencapture-oracle-uma-xyz-2026-06-16-12-a15f15c07ed09435.png
01_ORIGINAL_EVIDENCE/Market Page/US x Iran permanent peace deal by..._ Predictions & Odds 2026 _ Polymarket.html	c251928fc28492b0b885d5620b8f5636071b29ace2a2381c30e1470913d7eff2	56	PM-RULE-001	US x Iran permanent peace deal by..._ Predictions & Odds 2026 _ Polymarket.html	PM-RULE-001_polymarket_target_market_saved_page.html	01_ORIGINAL_EVIDENCE/Market Page/US x Iran permanent peace deal by..._ Predictions & Odds 2026 _ Polymarket.html	04_Standardized_Evidence/Market Page/PM-RULE-001_polymarket_target_market_saved_page.html
01_ORIGINAL_EVIDENCE/Market Rules/EVC-003_01_0D1231DD-F7F6-4549-AC4D-E4F50B0CBED2-4fba38ca36279654.png	1db63337e749e0f0c9749a04c9a46aa90775c74188b823605a89680e080e58e8	126	EVC-003	Assets/0D1231DD-F7F6-4549-AC4D-E4F50B0CBED2-4fba38ca36279654.png	Market Rules/EVC-003_01_0D1231DD-F7F6-4549-AC4D-E4F50B0CBED2-4fba38ca36279654.png	01_ORIGINAL_EVIDENCE/Market Rules/0D1231DD-F7F6-4549-AC4D-E4F50B0CBED2-4fba38ca36279654.png	04_Standardized_Evidence/Market Rules/EVC-003_01_0D1231DD-F7F6-4549-AC4D-E4F50B0CBED2-4fba38ca36279654.png
01_ORIGINAL_EVIDENCE/Market Rules/EVC-003_02_Screenshot_2026-06-18-12-58-45-16_f052540a-61d5f47e849f384e.jpg	fc6c72a6f32ac09e830080ab03614e30082dcb3ac8f5813f2ff96cfa29da00fe	126	EVC-003	Assets/Screenshot_2026-06-18-12-58-45-16_f052540a-61d5f47e849f384e.jpg	Market Rules/EVC-003_02_Screenshot_2026-06-18-12-58-45-16_f052540a-61d5f47e849f384e.jpg	01_ORIGINAL_EVIDENCE/Market Rules/Screenshot_2026-06-18-12-58-45-16_f052540a-61d5f47e849f384e.jpg	04_Standardized_Evidence/Market Rules/EVC-003_02_Screenshot_2026-06-18-12-58-45-16_f052540a-61d5f47e849f384e.jpg
01_ORIGINAL_EVIDENCE/Market Rules/IMG_3524.jpg	aa5632a5f9747694b59bf0b64c182c263931c74229ecac1b1c7678802273dc6a	128	EVC-005	Assets/IMG_3524-8eaf21a3cadadac4.jpg	News and Goverment Sources/EVC-005_05_IMG_3524-8eaf21a3cadadac4.jpg	01_ORIGINAL_EVIDENCE/Market Rules/IMG_3524-8eaf21a3cadadac4.jpg	04_Standardized_Evidence/Market Rules/EVC-005_05_IMG_3524-8eaf21a3cadadac4.jpg
01_ORIGINAL_EVIDENCE/Market Rules/IMG_3526.jpg	111a620c0fec3d1751942cd827d3d72e551895aadbb7341a91ba44a307ac777e	128	EVC-005	Assets/IMG_3526-7bd2193fb2ae45ba.jpg	News and Goverment Sources/EVC-005_04_IMG_3526-7bd2193fb2ae45ba.jpg	01_ORIGINAL_EVIDENCE/Market Rules/IMG_3526-7bd2193fb2ae45ba.jpg	04_Standardized_Evidence/Market Rules/EVC-005_04_IMG_3526-7bd2193fb2ae45ba.jpg
01_ORIGINAL_EVIDENCE/Market Rules/UMA - Market Rules.png	2919c9b98d311f321c05c21b807cb9d23e24b38a6d8841f93f1277e054a09fea	62	UMA-UI-002	UMA - Market Rules.png	UMA-UI-002_uma_market_rules_vote_3622.png	01_ORIGINAL_EVIDENCE/Market Rules/UMA - Market Rules.png	04_Standardized_Evidence/Market Rules/UMA-UI-002_uma_market_rules_vote_3622.png
01_ORIGINAL_EVIDENCE/News and Government Sources/EVC-002_01_image-c32eff51cca1851e.png	caedfca73fbb749e8aff6942b1add526dcf50e7253b8349e63de58378ba0655e	125	EVC-002	Assets/image-c32eff51cca1851e.png	News and Goverment Sources/EVC-002_01_image-c32eff51cca1851e.png	01_ORIGINAL_EVIDENCE/News and Government Sources/image-c32eff51cca1851e.png	04_Standardized_Evidence/News and Government Sources/EVC-002_01_image-c32eff51cca1851e.png
01_ORIGINAL_EVIDENCE/News and Government Sources/EVC-004_01_image-eacb0676c2672ae6.png	ad6779abda2a1213f476f176a27f23c922a0295c8d37a366a23a4cbeeb0d4fbd	127	EVC-004	Assets/image-eacb0676c2672ae6.png	News and Goverment Sources/EVC-004_01_image-eacb0676c2672ae6.png	01_ORIGINAL_EVIDENCE/News and Government Sources/image-eacb0676c2672ae6.png	04_Standardized_Evidence/News and Government Sources/EVC-004_01_image-eacb0676c2672ae6.png
01_ORIGINAL_EVIDENCE/News and Government Sources/EVC-004_03_image-7cada7c433778219.png	c27a7dee8a0e716e3a1676bee8c6588309f155ad03d3d6b2f540a7d94c6d89f7	127	EVC-004	Assets/image-7cada7c433778219.png	News and Goverment Sources/EVC-004_03_image-7cada7c433778219.png	01_ORIGINAL_EVIDENCE/News and Government Sources/image-7cada7c433778219.png	04_Standardized_Evidence/News and Government Sources/EVC-004_03_image-7cada7c433778219.png
01_ORIGINAL_EVIDENCE/News and Government Sources/EVC-004_04_image-6529976488f15551.png	fee9ccbb0d44126680706b476b806c41eb85b3e10f253d060db345bd7c7e4260	127	EVC-004	Assets/image-6529976488f15551.png	News and Goverment Sources/EVC-004_04_image-6529976488f15551.png	01_ORIGINAL_EVIDENCE/News and Government Sources/image-6529976488f15551.png	04_Standardized_Evidence/News and Government Sources/EVC-004_04_image-6529976488f15551.png
01_ORIGINAL_EVIDENCE/News and Government Sources/EVC-004_05_image-495bdba35fd6ddc9.png	083f1c9a17768abb41ad5b158ed7bba2f05976bc4c6e410db6af77dd7939bc39	127	EVC-004	Assets/image-495bdba35fd6ddc9.png	News and Goverment Sources/EVC-004_05_image-495bdba35fd6ddc9.png	01_ORIGINAL_EVIDENCE/News and Government Sources/image-495bdba35fd6ddc9.png	04_Standardized_Evidence/News and Government Sources/EVC-004_05_image-495bdba35fd6ddc9.png
01_ORIGINAL_EVIDENCE/News and Government Sources/EVC-005_01_IMG_2121-7b6e3c30fde93c7c.png	c16a07bcd88dbd92f1851559856548fa7b5798eab7d126f1a3335db3a0729bc0	128	EVC-005	Assets/IMG_2121-7b6e3c30fde93c7c.png	News and Goverment Sources/EVC-005_01_IMG_2121-7b6e3c30fde93c7c.png	01_ORIGINAL_EVIDENCE/News and Government Sources/IMG_2121-7b6e3c30fde93c7c.png	04_Standardized_Evidence/News and Government Sources/EVC-005_01_IMG_2121-7b6e3c30fde93c7c.png
01_ORIGINAL_EVIDENCE/News and Government Sources/EVC-005_02_IMG_2122-8e3e775c9143519c.png	2f06262ec2ff11a5fe0834c66a8b929b4540bf89c0817e204046e95655bee8b2	128	EVC-005	Assets/IMG_2122-8e3e775c9143519c.png	News and Goverment Sources/EVC-005_02_IMG_2122-8e3e775c9143519c.png	01_ORIGINAL_EVIDENCE/News and Government Sources/IMG_2122-8e3e775c9143519c.png	04_Standardized_Evidence/News and Government Sources/EVC-005_02_IMG_2122-8e3e775c9143519c.png
01_ORIGINAL_EVIDENCE/News and Government Sources/EVC-005_03_IMG_2123-ff4e4bcfd71229ac.png	199579dd1678b7a0884bf39c171fbb213f907b284289d56060a66113c30ef76d	128	EVC-005	Assets/IMG_2123-ff4e4bcfd71229ac.png	News and Goverment Sources/EVC-005_03_IMG_2123-ff4e4bcfd71229ac.png	01_ORIGINAL_EVIDENCE/News and Government Sources/IMG_2123-ff4e4bcfd71229ac.png	04_Standardized_Evidence/News and Government Sources/EVC-005_03_IMG_2123-ff4e4bcfd71229ac.png
01_ORIGINAL_EVIDENCE/News and Government Sources/EVC-005_04_IMG_3526-7bd2193fb2ae45ba.jpg	111a620c0fec3d1751942cd827d3d72e551895aadbb7341a91ba44a307ac777e	128	EVC-005	Assets/IMG_3526-7bd2193fb2ae45ba.jpg	News and Goverment Sources/EVC-005_04_IMG_3526-7bd2193fb2ae45ba.jpg	01_ORIGINAL_EVIDENCE/News and Government Sources/IMG_3526-7bd2193fb2ae45ba.jpg	04_Standardized_Evidence/News and Government Sources/EVC-005_04_IMG_3526-7bd2193fb2ae45ba.jpg
01_ORIGINAL_EVIDENCE/News and Government Sources/EVC-005_05_IMG_3524-8eaf21a3cadadac4.jpg	aa5632a5f9747694b59bf0b64c182c263931c74229ecac1b1c7678802273dc6a	128	EVC-005	Assets/IMG_3524-8eaf21a3cadadac4.jpg	News and Goverment Sources/EVC-005_05_IMG_3524-8eaf21a3cadadac4.jpg	01_ORIGINAL_EVIDENCE/News and Government Sources/IMG_3524-8eaf21a3cadadac4.jpg	04_Standardized_Evidence/News and Government Sources/EVC-005_05_IMG_3524-8eaf21a3cadadac4.jpg
01_ORIGINAL_EVIDENCE/News and Government Sources/EVC-005_06_IMG_3482-ca26986df53d8d39.png	4bcf4bb926396f33fac2d2895ea874f6a95ace5bda589d61225a804bea3ac1bc	128	EVC-005	Assets/IMG_3482-ca26986df53d8d39.png	News and Goverment Sources/EVC-005_06_IMG_3482-ca26986df53d8d39.png	01_ORIGINAL_EVIDENCE/News and Government Sources/IMG_3482-ca26986df53d8d39.png	04_Standardized_Evidence/News and Government Sources/EVC-005_06_IMG_3482-ca26986df53d8d39.png
01_ORIGINAL_EVIDENCE/News and Government Sources/EVC-005_07_message-22503970b78b530b.txt	6c48c497691c2b52c6190c301a8fcabb226712ede36cde59429f1cbab17b0264	128	EVC-005	Assets/message-22503970b78b530b.txt	News and Goverment Sources/EVC-005_07_message-22503970b78b530b.txt	01_ORIGINAL_EVIDENCE/News and Government Sources/message-22503970b78b530b.txt	04_Standardized_Evidence/News and Government Sources/EVC-005_07_message-22503970b78b530b.txt
01_ORIGINAL_EVIDENCE/News and Government Sources/EVC-005_08_mou1-167abfbe90bd160c.jpeg	ff2becf49c03010d65c1182ee53e1eae03da02dbf7fec1983320a86a5a220bcf	128	EVC-005	Assets/mou1-167abfbe90bd160c.jpeg	News and Goverment Sources/EVC-005_08_mou1-167abfbe90bd160c.jpeg	01_ORIGINAL_EVIDENCE/News and Government Sources/mou1-167abfbe90bd160c.jpeg	04_Standardized_Evidence/News and Government Sources/EVC-005_08_mou1-167abfbe90bd160c.jpeg
01_ORIGINAL_EVIDENCE/News and Government Sources/EVC-005_09_mou2-e527094ff149f3f5.jpeg	bc7deece6d967cef0faf8954fc2c018451555324957f36497bd7dd16de4df5f2	128	EVC-005	Assets/mou2-e527094ff149f3f5.jpeg	News and Goverment Sources/EVC-005_09_mou2-e527094ff149f3f5.jpeg	01_ORIGINAL_EVIDENCE/News and Government Sources/mou2-e527094ff149f3f5.jpeg	04_Standardized_Evidence/News and Government Sources/EVC-005_09_mou2-e527094ff149f3f5.jpeg
01_ORIGINAL_EVIDENCE/News and Government Sources/EVC-005_10_mou3-7555921bb73506bc.jpeg	6c16a9053b3b2f529ca291606f98421cc0d25ca08cf76c77c54d86de82cb7e30	128	EVC-005	Assets/mou3-7555921bb73506bc.jpeg	News and Goverment Sources/EVC-005_10_mou3-7555921bb73506bc.jpeg	01_ORIGINAL_EVIDENCE/News and Government Sources/mou3-7555921bb73506bc.jpeg	04_Standardized_Evidence/News and Government Sources/EVC-005_10_mou3-7555921bb73506bc.jpeg
01_ORIGINAL_EVIDENCE/News and Government Sources/EVC-005_11_2067562439948808366-6aa4b4500bb7b7b2.png	6fbff0e9d84068bf5160c272d5457bac4d60c8d7bc0426e8a2182515f819afc0	128	EVC-005	Assets/2067562439948808366-6aa4b4500bb7b7b2	News and Goverment Sources/EVC-005_11_2067562439948808366-6aa4b4500bb7b7b2.png	01_ORIGINAL_EVIDENCE/News and Government Sources/2067562439948808366-6aa4b4500bb7b7b2	04_Standardized_Evidence/News and Government Sources/EVC-005_11_2067562439948808366-6aa4b4500bb7b7b2.png
01_ORIGINAL_EVIDENCE/Polymarket Statements/EVC-010_01_Polymarket_-_US-Iran_peace_deal_-_objectio-0db6194abd29ad43.docx	e22612dfe3f1c149266e710acbe9dd9a803a256bbf310dc294e5323000569772	133	EVC-010	Assets/Polymarket_-_US-Iran_peace_deal_-_objectio-0db6194abd29ad43.docx	Polymarket Statements/EVC-010_01_Polymarket_-_US-Iran_peace_deal_-_objectio-0db6194abd29ad43.docx	01_ORIGINAL_EVIDENCE/Polymarket Statements/Polymarket_-_US-Iran_peace_deal_-_objectio-0db6194abd29ad43.docx	04_Standardized_Evidence/Polymarket Statements/EVC-010_01_Polymarket_-_US-Iran_peace_deal_-_objectio-0db6194abd29ad43.docx
01_ORIGINAL_EVIDENCE/Polymarket Statements/Screenshot 2026-06-23 032512.png	ceb904385b333f2b9036ab1968eaabaff062f8c3b9d329ba94c4096685d99a51	85	PM-STMT-001	Screenshot 2026-06-23 032512.png	PM-STMT-001_2026-06-23_Polymarket_X_White_House_MOU_Aimed_Ending_Conflict.png	01_ORIGINAL_EVIDENCE/Polymarket Statements/Screenshot 2026-06-23 032512.png	04_Standardized_Evidence/Polymarket Statements/PM-STMT-001_2026-06-23_Polymarket_X_White_House_MOU_Aimed_Ending_Conflict.png
01_ORIGINAL_EVIDENCE/Polymarket Statements/Screenshot 2026-06-23 032537.png	43a648a1b5f8659fb044166246b7ac7c1226325619afab9d4aa6cd62aa89792d	86	PM-STMT-002	Screenshot 2026-06-23 032537.png	PM-STMT-002_2026-06-23_Polymarket_X_Iranian_President_And_White_House_MOU_Posts.png	01_ORIGINAL_EVIDENCE/Polymarket Statements/Screenshot 2026-06-23 032537.png	04_Standardized_Evidence/Polymarket Statements/PM-STMT-002_2026-06-23_Polymarket_X_Iranian_President_And_White_House_MOU_Posts.png
01_ORIGINAL_EVIDENCE/Polymarket Statements/Screenshot_2026-06-22-22-44-37-55_de89569fcedd2ee7e089530771d25907.jpg	1e3aabeea73d7e4ced1ee5f9a908967dc03073a69bfdcb5d8305859e58cb8d0a	87	PM-NEW-001	Screenshot_2026-06-22-22-44-37-55_de89569fcedd2ee7e089530771d25907.jpg	PM-NEW-001_2026-06-22_Polymarket_US_Iran_Final_Nuclear_Deal_Rules_Screenshot.jpg	01_ORIGINAL_EVIDENCE/Polymarket Statements/Screenshot_2026-06-22-22-44-37-55_de89569fcedd2ee7e089530771d25907.jpg	04_Standardized_Evidence/Polymarket Statements/PM-NEW-001_2026-06-22_Polymarket_US_Iran_Final_Nuclear_Deal_Rules_Screenshot.jpg
01_ORIGINAL_EVIDENCE/Resolution Evidence/5B6D9D77-EB60-49D4-8EA5-22919F93ED50.jpg	67a86747c488bc2ac6a6a6239fd0363f1c38b265b2f4068994f7a20b578f9e79	59	PM-RES-001	5B6D9D77-EB60-49D4-8EA5-22919F93ED50.jpg	PM-RES-001_polymarket_mobile_resolution_timeline_final_yes.jpg	01_ORIGINAL_EVIDENCE/Resolution Evidence/5B6D9D77-EB60-49D4-8EA5-22919F93ED50.jpg	04_Standardized_Evidence/Resolution Evidence/PM-RES-001_polymarket_mobile_resolution_timeline_final_yes.jpg
01_ORIGINAL_EVIDENCE/Resolution Evidence/Screenshot_20260618_064636_Discord.jpg	5d15d55eba774d7dd03dfdf82027ecbb88e186dbe05fee71e96d639a9c5cd224	6	EV-05	Screenshot_20260618_064636_Discord.jpg	EV-015_resolution_proposal_alert_june15_yes_proposer_0x3e8379.png	01_ORIGINAL_EVIDENCE/Resolution Evidence/Screenshot_20260618_064636_Discord.jpg	04_Standardized_Evidence/Resolution Evidence/EV-015_resolution_proposal_alert_june15_yes_proposer_0x3e8379.png
01_ORIGINAL_EVIDENCE/Resolution Evidence/Screenshot_20260618_070233_Discord.jpg	67aef225932385b6612c3b17fa96d065433c9b0bd15eb5a5e76fbea0931a036a	7	EV-07	Screenshot_20260618_070233_Discord.jpg	EV-017_resolution_proposal_alert_july31_yes_proposer_0x3e8379.png	01_ORIGINAL_EVIDENCE/Resolution Evidence/Screenshot_20260618_070233_Discord.jpg	04_Standardized_Evidence/Resolution Evidence/EV-017_resolution_proposal_alert_july31_yes_proposer_0x3e8379.png
01_ORIGINAL_EVIDENCE/Resolution Evidence/Screenshot_20260618_070246_Discord.jpg	de1806b098a81b6f0a252c850f5f815bc54c70a2ae967775c76ec89959aab898	8	EV-09	Screenshot_20260618_070246_Discord.jpg	EV-019_resolution_proposal_alert_july31_yes_proposer_0x3e8379_second_capture.png	01_ORIGINAL_EVIDENCE/Resolution Evidence/Screenshot_20260618_070246_Discord.jpg	04_Standardized_Evidence/Resolution Evidence/EV-019_resolution_proposal_alert_july31_yes_proposer_0x3e8379_second_capture.png
01_ORIGINAL_EVIDENCE/Resolution Evidence/Screenshot_20260618_070256_Discord.jpg	a954f79cc5b1e62d07b432880bab40e3e6dcdca9f9724210e992076be62cae44	9	EV-010	Screenshot_20260618_070256_Discord.jpg	EV-020_resolution_proposal_alert_june30_yes_proposer_0x3e8379.png	01_ORIGINAL_EVIDENCE/Resolution Evidence/Screenshot_20260618_070256_Discord.jpg	04_Standardized_Evidence/Resolution Evidence/EV-020_resolution_proposal_alert_june30_yes_proposer_0x3e8379.png
01_ORIGINAL_EVIDENCE/Resolution Evidence/Screenshot_20260618_070304_Discord.jpg	57af016c311c2450d614babfb63338c763bd9c594a163a13e90b2619a16f597d	10	EV-011	Screenshot_20260618_070304_Discord.jpg	EV-021_resolution_proposal_alert_june15_yes_proposer_0x086cd2.png	01_ORIGINAL_EVIDENCE/Resolution Evidence/Screenshot_20260618_070304_Discord.jpg	04_Standardized_Evidence/Resolution Evidence/EV-021_resolution_proposal_alert_june15_yes_proposer_0x086cd2.png
01_ORIGINAL_EVIDENCE/Resolution Evidence/Screenshot_20260618_070311_Discord.jpg	1a30819cfb1b9b8bc8cb08f82d16b7960737fb9ebabbf0008a3b8d0e8677d59c	11	EV-012	Screenshot_20260618_070311_Discord.jpg	EV-022_resolution_proposal_alert_august31_yes_proposer_0x3e8379.png	01_ORIGINAL_EVIDENCE/Resolution Evidence/Screenshot_20260618_070311_Discord.jpg	04_Standardized_Evidence/Resolution Evidence/EV-022_resolution_proposal_alert_august31_yes_proposer_0x3e8379.png
01_ORIGINAL_EVIDENCE/Resolution Evidence/Screenshot_20260618_070317_Discord.jpg	06a81a58869f848c779797e8ed965bf5c0092cc646320acd539ec9185dac58b9	12	EV-014	Screenshot_20260618_070317_Discord.jpg	EV-024_resolution_proposal_alert_october31_yes_proposer_0x3e8379.png	01_ORIGINAL_EVIDENCE/Resolution Evidence/Screenshot_20260618_070317_Discord.jpg	04_Standardized_Evidence/Resolution Evidence/EV-024_resolution_proposal_alert_october31_yes_proposer_0x3e8379.png
01_ORIGINAL_EVIDENCE/Resolution Evidence/Screenshot_20260618_070325_Discord.jpg	6486fd2a260cbe15ce48be3a570621bf7821fe0f04a211b550aa311ff41ef197	13	EV-016	Screenshot_20260618_070325_Discord.jpg	EV-026_resolution_proposal_alert_october31_yes_proposer_0xd9aa1a.png	01_ORIGINAL_EVIDENCE/Resolution Evidence/Screenshot_20260618_070325_Discord.jpg	04_Standardized_Evidence/Resolution Evidence/EV-026_resolution_proposal_alert_october31_yes_proposer_0xd9aa1a.png
01_ORIGINAL_EVIDENCE/Resolution Evidence/Screenshot_20260618_070331_Discord.jpg	1409341148162a425c73966854e9fe00055e274d9ebf6b846dcbe7878d45114d	14	EV-018	Screenshot_20260618_070331_Discord.jpg	EV-028_resolution_proposal_alert_august31_yes_proposer_0x8e0e95.png	01_ORIGINAL_EVIDENCE/Resolution Evidence/Screenshot_20260618_070331_Discord.jpg	04_Standardized_Evidence/Resolution Evidence/EV-028_resolution_proposal_alert_august31_yes_proposer_0x8e0e95.png
01_ORIGINAL_EVIDENCE/Resolution Evidence/Screenshot_20260618_070338_Discord.jpg	9ac8ef44a69a6bdffb15f16c12f5693d6c184bbccb9ba8ead338567cd31c06d7	15	EV-020	Screenshot_20260618_070338_Discord.jpg	EV-030_resolution_proposal_alert_december31_yes_proposer_0x8e0e95.png	01_ORIGINAL_EVIDENCE/Resolution Evidence/Screenshot_20260618_070338_Discord.jpg	04_Standardized_Evidence/Resolution Evidence/EV-030_resolution_proposal_alert_december31_yes_proposer_0x8e0e95.png
01_ORIGINAL_EVIDENCE/Resolution Evidence/Screenshot_20260618_070344_Discord.jpg	8e07fef6ed061c966c45935736c6b69236158525bef89c2c342b38ae1d5d7978	16	EV-022	Screenshot_20260618_070344_Discord.jpg	EV-032_resolution_proposal_and_dispute_alert_june30_august31.png	01_ORIGINAL_EVIDENCE/Resolution Evidence/Screenshot_20260618_070344_Discord.jpg	04_Standardized_Evidence/Resolution Evidence/EV-032_resolution_proposal_and_dispute_alert_june30_august31.png
01_ORIGINAL_EVIDENCE/Resolution Evidence/UMA - Market Results.png	db2a946f8b663b0f0a56a4825db7814d402271f68f3f0002e30e8e9f1d983b24	61	UMA-UI-001	UMA - Market Results.png	UMA-UI-001_uma_market_results_vote_3622.png	01_ORIGINAL_EVIDENCE/Resolution Evidence/UMA - Market Results.png	04_Standardized_Evidence/Resolution Evidence/UMA-UI-001_uma_market_results_vote_3622.png
01_ORIGINAL_EVIDENCE/Trade History/EVC-007_01_image-cc785c9e02ccf7d9.png	9c648fad6d1ac4c314633089b609b3264641ffa2967345341c61aa7b4a4a62b8	130	EVC-007	Assets/image-cc785c9e02ccf7d9.png	Trade History/EVC-007_01_image-cc785c9e02ccf7d9.png	01_ORIGINAL_EVIDENCE/Trade History/image-cc785c9e02ccf7d9.png	04_Standardized_Evidence/Trade History/EVC-007_01_image-cc785c9e02ccf7d9.png
01_ORIGINAL_EVIDENCE/Trade History/EVC-007_02_image-4cae564b791be8ab.png	ae2129fb6e5ba4d0be76b9c9b47f70e0add5b50dedffd525ab2afe2b9fb65396	130	EVC-007	Assets/image-4cae564b791be8ab.png	Trade History/EVC-007_02_image-4cae564b791be8ab.png	01_ORIGINAL_EVIDENCE/Trade History/image-4cae564b791be8ab.png	04_Standardized_Evidence/Trade History/EVC-007_02_image-4cae564b791be8ab.png
01_ORIGINAL_EVIDENCE/Trade History/EVC-007_03_image-ac0b79efd1165b13.png	b4324dbc50f90ecb8f7082b1bfaf230e9401e964b0e5daba86f613207a9acb5c	130	EVC-007	Assets/image-ac0b79efd1165b13.png	Trade History/EVC-007_03_image-ac0b79efd1165b13.png	01_ORIGINAL_EVIDENCE/Trade History/image-ac0b79efd1165b13.png	04_Standardized_Evidence/Trade History/EVC-007_03_image-ac0b79efd1165b13.png
01_ORIGINAL_EVIDENCE/Trade History/EVC-007_04_image-525ba283d6165a2f.png	6237bb55f8c1d4bb01b2ccf0366c1c0c8e9da417ca1f0922f1265c3047bebeaf	130	EVC-007	Assets/image-525ba283d6165a2f.png	Trade History/EVC-007_04_image-525ba283d6165a2f.png	01_ORIGINAL_EVIDENCE/Trade History/image-525ba283d6165a2f.png	04_Standardized_Evidence/Trade History/EVC-007_04_image-525ba283d6165a2f.png
01_ORIGINAL_EVIDENCE/Trade History/EVC-007_05_image-8bbc2d9eb6d0993a.png	5b425bdfa9c0a152d5eb87c95f4134f3f8ff96eb5a05ec7ccfa965f068dcd65c	130	EVC-007	Assets/image-8bbc2d9eb6d0993a.png	Trade History/EVC-007_05_image-8bbc2d9eb6d0993a.png	01_ORIGINAL_EVIDENCE/Trade History/image-8bbc2d9eb6d0993a.png	04_Standardized_Evidence/Trade History/EVC-007_05_image-8bbc2d9eb6d0993a.png
01_ORIGINAL_EVIDENCE/Trade History/EVC-013_01_image-7ce372636fe41498.png	e034687fc156f96f24e174185347ec47fa827916e2b776ca265b354dd1b3cbc2	136	EVC-013	Assets/image-7ce372636fe41498.png	Trade History/EVC-013_01_image-7ce372636fe41498.png	01_ORIGINAL_EVIDENCE/Trade History/image-7ce372636fe41498.png	04_Standardized_Evidence/Trade History/EVC-013_01_image-7ce372636fe41498.png
01_ORIGINAL_EVIDENCE/Trade History/EVC-013_02_image-54b8727d0b2fb06e.png	db758c71efaa1f30312af4c31428fbe01b9bebee3a932b745a2eb2eb16c3dd57	136	EVC-013	Assets/image-54b8727d0b2fb06e.png	Trade History/EVC-013_02_image-54b8727d0b2fb06e.png	01_ORIGINAL_EVIDENCE/Trade History/image-54b8727d0b2fb06e.png	04_Standardized_Evidence/Trade History/EVC-013_02_image-54b8727d0b2fb06e.png
01_ORIGINAL_EVIDENCE/Trade History/EVC-013_03_image-ff15991947d38402.png	2c30d037c56d7075861acf3407d2a9e622deabc4bd366bfa8a63c54e66d59cce	136	EVC-013	Assets/image-ff15991947d38402.png	Trade History/EVC-013_03_image-ff15991947d38402.png	01_ORIGINAL_EVIDENCE/Trade History/image-ff15991947d38402.png	04_Standardized_Evidence/Trade History/EVC-013_03_image-ff15991947d38402.png
01_ORIGINAL_EVIDENCE/Trade History/EVC-013_04_image-82bea94596e90bc1.png	7820750c755dc2ff4a5811f1e9b63b89e2b9a1c4a0db794a62c54327ef8498fc	136	EVC-013	Assets/image-82bea94596e90bc1.png	Trade History/EVC-013_04_image-82bea94596e90bc1.png	01_ORIGINAL_EVIDENCE/Trade History/image-82bea94596e90bc1.png	04_Standardized_Evidence/Trade History/EVC-013_04_image-82bea94596e90bc1.png
01_ORIGINAL_EVIDENCE/Trade History/EVC-013_05_image-91ea74ac2cab894a.png	ed19aa7251458f6d3824b38b426f57ce79ce1949b26230c9847da849aec1d693	136	EVC-013	Assets/image-91ea74ac2cab894a.png	Trade History/EVC-013_05_image-91ea74ac2cab894a.png	01_ORIGINAL_EVIDENCE/Trade History/image-91ea74ac2cab894a.png	04_Standardized_Evidence/Trade History/EVC-013_05_image-91ea74ac2cab894a.png
01_ORIGINAL_EVIDENCE/Trade History/step10/03_all_related_market_yes_buyers.csv	f26e280f47ccc3de43c9612c2db70e7b08a8f59533a82c4220429a8de3d609a1	22	TRADE-001	03_all_related_market_yes_buyers.csv	TRADE-001_all_related_market_yes_buyers.csv	01_ORIGINAL_EVIDENCE/Trade History/step10/03_all_related_market_yes_buyers.csv	04_Standardized_Evidence/Trade History/step10/TRADE-001_all_related_market_yes_buyers.csv
01_ORIGINAL_EVIDENCE/Trade History/step10/04_cross_market_wallet_summary.csv	8b472b85b042717c639e071b34879d6a2dd52ae104ea5e4d5cde3bfc65e7772e	23	TRADE-002	04_cross_market_wallet_summary.csv	TRADE-002_cross_market_yes_buyer_wallet_summary.csv	01_ORIGINAL_EVIDENCE/Trade History/step10/04_cross_market_wallet_summary.csv	04_Standardized_Evidence/Trade History/step10/TRADE-002_cross_market_yes_buyer_wallet_summary.csv
01_ORIGINAL_EVIDENCE/Trade History/step10/04_user_activity_normalized.csv	795c1ab449f9f607dbe1e4fb34a32be879294e983b631d770a1696a5c185fdae	25	ACTIVITY-001	04_user_activity_normalized.csv	ACTIVITY-001_user_activity_normalized_target_market.csv	01_ORIGINAL_EVIDENCE/Trade History/step10/04_user_activity_normalized.csv	04_Standardized_Evidence/Trade History/step10/ACTIVITY-001_user_activity_normalized_target_market.csv
01_ORIGINAL_EVIDENCE/Trade History/step10/step10_redemption_outputs/06_wallet_redeem_summary.csv	d444000e8f14ef6e72fb7ce71a1d0037c468e5c24bfc5feac58e0e8decef9bf2	30	RED-002	06_wallet_redeem_summary.csv	RED-002_wallet_redeem_summary.csv	01_ORIGINAL_EVIDENCE/Trade History/step10/step10_redemption_outputs/06_wallet_redeem_summary.csv	04_Standardized_Evidence/Trade History/step10/step10_redemption_outputs/RED-002_wallet_redeem_summary.csv
01_ORIGINAL_EVIDENCE/Trade History/step10/step10_redemption_outputs/07_step10_redemption_summary.txt	da1a4886844a2f4c728d660f3caa4385499e9d13fbcafe3040b3bb2ff52c1e0d	29	RED-001	07_step10_redemption_summary.txt	RED-001_step10_redemption_summary.txt	01_ORIGINAL_EVIDENCE/Trade History/step10/step10_redemption_outputs/07_step10_redemption_summary.txt	04_Standardized_Evidence/Trade History/step10/step10_redemption_outputs/RED-001_step10_redemption_summary.txt
01_ORIGINAL_EVIDENCE/Trade History/step11A_and_step11B/step11B_outputs/00_step11B_run_summary.txt	cda5afd89f09afc468ed2e8b57f359de4edd90d715df54c065352e3c9b2d28b7	35	LINK-001	00_step11B_run_summary.txt	LINK-001_step11B_direct_transfer_screen_summary.txt	01_ORIGINAL_EVIDENCE/Trade History/step11A_and_step11B/step11B_outputs/00_step11B_run_summary.txt	04_Standardized_Evidence/Trade History/step11A_and_step11B/step11B_outputs/LINK-001_step11B_direct_transfer_screen_summary.txt
01_ORIGINAL_EVIDENCE/Trade History/step11C_polygon_shared_funder/step11C_outputs/00_step11C_run_summary.txt	c16d464c4e1a3007ef8996de90e1203a790d6fcf71a2af7de64b36b508109ade	36	LINK-002	00_step11C_run_summary.txt	LINK-002_step11C_shared_funder_screen_summary.txt	01_ORIGINAL_EVIDENCE/Trade History/step11C_polygon_shared_funder/step11C_outputs/00_step11C_run_summary.txt	04_Standardized_Evidence/Trade History/step11C_polygon_shared_funder/step11C_outputs/LINK-002_step11C_shared_funder_screen_summary.txt
01_ORIGINAL_EVIDENCE/Trade History/step11D_token_path_outputs.zip	80b47fc105fb10a2f13b3fef94d3188a97857a28f77745b3c65b69648aec93dd	34	TRACE-003	step11D_token_path_outputs.zip	TRACE-003_step11D_token_path_outputs.zip	01_ORIGINAL_EVIDENCE/Trade History/step11D_token_path_outputs.zip	04_Standardized_Evidence/Trade History/TRACE-003_step11D_token_path_outputs.zip
01_ORIGINAL_EVIDENCE/Trade History/step11E_yes_buyer_funding/step11E_outputs/00_step11E_run_summary.txt	919b6869b4a78cfe011c8595c0a463b5b99b0df17f29f7cb874284ee612f5bf2	37	LINK-003	00_step11E_run_summary.txt	LINK-003_step11E_yes_buyer_funding_summary.txt	01_ORIGINAL_EVIDENCE/Trade History/step11E_yes_buyer_funding/step11E_outputs/00_step11E_run_summary.txt	04_Standardized_Evidence/Trade History/step11E_yes_buyer_funding/step11E_outputs/LINK-003_step11E_yes_buyer_funding_summary.txt
01_ORIGINAL_EVIDENCE/Trade History/step11E_yes_buyer_funding/step11E_outputs/03_direct_uma_to_yes_buyer_funding_edges.csv	5de8f8b0bc2c7ce77d892a186bd8955315bb5e36262aa966c6e42e09ea5072ec	38	LINK-004	03_direct_uma_to_yes_buyer_funding_edges.csv	LINK-004_step11E_direct_uma_to_yes_buyer_funding_edges.csv	01_ORIGINAL_EVIDENCE/Trade History/step11E_yes_buyer_funding/step11E_outputs/03_direct_uma_to_yes_buyer_funding_edges.csv	04_Standardized_Evidence/Trade History/step11E_yes_buyer_funding/step11E_outputs/LINK-004_step11E_direct_uma_to_yes_buyer_funding_edges.csv
01_ORIGINAL_EVIDENCE/Trade History/step11E_yes_buyer_funding/step11E_outputs/04_common_funder_matches.csv	bf29b065388739b8bb0e567da594f4bd9416e76c09c264ba5ca98e364739de08	39	LINK-005	04_common_funder_matches.csv	LINK-005_step11E_common_funder_matches.csv	01_ORIGINAL_EVIDENCE/Trade History/step11E_yes_buyer_funding/step11E_outputs/04_common_funder_matches.csv	04_Standardized_Evidence/Trade History/step11E_yes_buyer_funding/step11E_outputs/LINK-005_step11E_common_funder_matches.csv
01_ORIGINAL_EVIDENCE/Trade History/step11E_yes_buyer_funding/step11E_outputs/05_common_funder_pair_edges.csv	85919b01aaa2246dc6508b37b4bd55830de29b40647c6b2488a0eda7eb3c8087	40	LINK-006	06_priority_yes_buyer_funding_leads.csv	LINK-006_step11E_priority_yes_buyer_funding_leads.csv	01_ORIGINAL_EVIDENCE/Trade History/step11E_yes_buyer_funding/step11E_outputs/06_priority_yes_buyer_funding_leads.csv	04_Standardized_Evidence/Trade History/step11E_yes_buyer_funding/step11E_outputs/LINK-006_step11E_priority_yes_buyer_funding_leads.csv
01_ORIGINAL_EVIDENCE/Trade History/step11E_yes_buyer_funding/step11E_outputs/06_priority_yes_buyer_funding_leads.csv	85919b01aaa2246dc6508b37b4bd55830de29b40647c6b2488a0eda7eb3c8087	40	LINK-006	06_priority_yes_buyer_funding_leads.csv	LINK-006_step11E_priority_yes_buyer_funding_leads.csv	01_ORIGINAL_EVIDENCE/Trade History/step11E_yes_buyer_funding/step11E_outputs/06_priority_yes_buyer_funding_leads.csv	04_Standardized_Evidence/Trade History/step11E_yes_buyer_funding/step11E_outputs/LINK-006_step11E_priority_yes_buyer_funding_leads.csv
01_ORIGINAL_EVIDENCE/Trade History/step8_CROSS_MARKET_YES_BUYERS/cross_market_yes_buyer_outputs/03_all_related_market_yes_buyers.csv	f26e280f47ccc3de43c9612c2db70e7b08a8f59533a82c4220429a8de3d609a1	22	TRADE-001	03_all_related_market_yes_buyers.csv	TRADE-001_all_related_market_yes_buyers.csv	01_ORIGINAL_EVIDENCE/Trade History/step8_CROSS_MARKET_YES_BUYERS/cross_market_yes_buyer_outputs/03_all_related_market_yes_buyers.csv	04_Standardized_Evidence/Trade History/step8_CROSS_MARKET_YES_BUYERS/cross_market_yes_buyer_outputs/TRADE-001_all_related_market_yes_buyers.csv
01_ORIGINAL_EVIDENCE/Trade History/step8_CROSS_MARKET_YES_BUYERS/cross_market_yes_buyer_outputs/04_cross_market_wallet_summary.csv	8b472b85b042717c639e071b34879d6a2dd52ae104ea5e4d5cde3bfc65e7772e	23	TRADE-002	04_cross_market_wallet_summary.csv	TRADE-002_cross_market_yes_buyer_wallet_summary.csv	01_ORIGINAL_EVIDENCE/Trade History/step8_CROSS_MARKET_YES_BUYERS/cross_market_yes_buyer_outputs/04_cross_market_wallet_summary.csv	04_Standardized_Evidence/Trade History/step8_CROSS_MARKET_YES_BUYERS/cross_market_yes_buyer_outputs/TRADE-002_cross_market_yes_buyer_wallet_summary.csv
01_ORIGINAL_EVIDENCE/Trade History/step8_CROSS_MARKET_YES_BUYERS/cross_market_yes_buyer_outputs/05_cross_market_yes_buyers_vs_uma.csv	c18d678e909f6b8525cf76df98d9ce3d9edc2bd8086a67a0b5dc98d389c27ee9	24	TRADE-003	05_cross_market_yes_buyers_vs_uma.csv	TRADE-003_cross_market_yes_buyers_vs_uma_direct_match_screen.csv	01_ORIGINAL_EVIDENCE/Trade History/step8_CROSS_MARKET_YES_BUYERS/cross_market_yes_buyer_outputs/05_cross_market_yes_buyers_vs_uma.csv	04_Standardized_Evidence/Trade History/step8_CROSS_MARKET_YES_BUYERS/cross_market_yes_buyer_outputs/TRADE-003_cross_market_yes_buyers_vs_uma_direct_match_screen.csv
01_ORIGINAL_EVIDENCE/Trade History/step8_CROSS_MARKET_YES_BUYERS/step8_future_activity_repair_outputs/05_future_related_market_activity_v2.csv	26560e5e987eb39d8a0f44cfb1f193b40ad1a37ae7e457e98564cb1929ac3622	27	ACTIVITY-003	05_future_related_market_activity_v2.csv	ACTIVITY-003_future_related_market_activity_v2.csv	01_ORIGINAL_EVIDENCE/Trade History/step8_CROSS_MARKET_YES_BUYERS/step8_future_activity_repair_outputs/05_future_related_market_activity_v2.csv	04_Standardized_Evidence/Trade History/step8_CROSS_MARKET_YES_BUYERS/step8_future_activity_repair_outputs/ACTIVITY-003_future_related_market_activity_v2.csv
01_ORIGINAL_EVIDENCE/Trade History/step8_CROSS_MARKET_YES_BUYERS/step8_user_activity_outputs/04_user_activity_normalized.csv	795c1ab449f9f607dbe1e4fb34a32be879294e983b631d770a1696a5c185fdae	25	ACTIVITY-001	04_user_activity_normalized.csv	ACTIVITY-001_user_activity_normalized_target_market.csv	01_ORIGINAL_EVIDENCE/Trade History/step8_CROSS_MARKET_YES_BUYERS/step8_user_activity_outputs/04_user_activity_normalized.csv	04_Standardized_Evidence/Trade History/step8_CROSS_MARKET_YES_BUYERS/step8_user_activity_outputs/ACTIVITY-001_user_activity_normalized_target_market.csv
01_ORIGINAL_EVIDENCE/Trade History/step8_CROSS_MARKET_YES_BUYERS/step8_user_activity_outputs/05_target_market_activity.csv	795c1ab449f9f607dbe1e4fb34a32be879294e983b631d770a1696a5c185fdae	26	ACTIVITY-002	05_target_market_activity.csv	ACTIVITY-002_target_market_activity.csv	01_ORIGINAL_EVIDENCE/Trade History/step8_CROSS_MARKET_YES_BUYERS/step8_user_activity_outputs/05_target_market_activity.csv	04_Standardized_Evidence/Trade History/step8_CROSS_MARKET_YES_BUYERS/step8_user_activity_outputs/ACTIVITY-002_target_market_activity.csv
01_ORIGINAL_EVIDENCE/Trade History/step9b_asset_transfer/step9b_outputs_asset_transfers/00_step9b_run_summary.txt	0caac49fc2d2b018adeecc698f77fe9e3d31c7d8dd270c6dcabe6dedf58c3921	32	TRACE-001	00_step9b_run_summary.txt	TRACE-001_step9b_safe_transfer_trace_summary.txt	01_ORIGINAL_EVIDENCE/Trade History/step9b_asset_transfer/step9b_outputs_asset_transfers/00_step9b_run_summary.txt	04_Standardized_Evidence/Trade History/step9b_asset_transfer/step9b_outputs_asset_transfers/TRACE-001_step9b_safe_transfer_trace_summary.txt
01_ORIGINAL_EVIDENCE/Trade History/step9b_asset_transfer/step9b_outputs_asset_transfers/05_step9b_incoming_nonzero_edges_for_review.csv	32b5086315eb88c1ae3e6725d827dcde9e11a159454b5df4d862f36cdc7d71de	33	TRACE-002	05_step9b_incoming_nonzero_edges_for_review.csv	TRACE-002_step9b_incoming_nonzero_edges_for_review.csv	01_ORIGINAL_EVIDENCE/Trade History/step9b_asset_transfer/step9b_outputs_asset_transfers/05_step9b_incoming_nonzero_edges_for_review.csv	04_Standardized_Evidence/Trade History/step9b_asset_transfer/step9b_outputs_asset_transfers/TRACE-002_step9b_incoming_nonzero_edges_for_review.csv
01_ORIGINAL_EVIDENCE/Trade History/step9_ERC1155_TRANSFERS/step9_receipt_based_transfer_outputs/04_receipt_erc1155_transfers_normalized.csv	f513b022664b7e743b62a41b5579aacb0472a35c2ee76c00df6156ffcd684f32	28	CHAIN-001	04_receipt_erc1155_transfers_normalized.csv	CHAIN-001_receipt_erc1155_transfers_normalized.csv	01_ORIGINAL_EVIDENCE/Trade History/step9_ERC1155_TRANSFERS/step9_receipt_based_transfer_outputs/04_receipt_erc1155_transfers_normalized.csv	04_Standardized_Evidence/Trade History/step9_ERC1155_TRANSFERS/step9_receipt_based_transfer_outputs/CHAIN-001_receipt_erc1155_transfers_normalized.csv
01_ORIGINAL_EVIDENCE/UMA disputers coordinating/aenews/Screenshot_2026-06-25-21-32-00-92_572064f74bd5f9fa804b05334aa4f912.jpg	9526da52380baf62167410bdbcf9442d19f43c8f7b4a7e5516607062138dc869	120	DCE-017	03_Screenshot_Context/Screenshot_2026-06-25-21-32-00-92_572064f74bd5f9fa804b05334aa4f912.jpg	DCE-017_Donk_thread_vote_argument_largest_NO_holder.png	01_ORIGINAL_EVIDENCE/UMA disputers coordinating/aenews/Screenshot_2026-06-25-21-32-00-92_572064f74bd5f9fa804b05334aa4f912.jpg	04_Standardized_Evidence/UMA disputers coordinating/aenews/DCE-017_Donk_thread_vote_argument_largest_NO_holder.png
01_ORIGINAL_EVIDENCE/UMA disputers coordinating/EVC-006_01_image-dbd98beb30ddb682.png	b4df64c790601905a6345e242b127f406107c12a871d23d131274f63c978587c	129	EVC-006	Assets/image-dbd98beb30ddb682.png	UMA disputers coordination/EVC-006_01_image-dbd98beb30ddb682.png	01_ORIGINAL_EVIDENCE/UMA disputers coordinating/image-dbd98beb30ddb682.png	04_Standardized_Evidence/UMA disputers coordinating/EVC-006_01_image-dbd98beb30ddb682.png
01_ORIGINAL_EVIDENCE/UMA disputers coordinating/EVC-006_02_image-82d4deb7c2c182c4.png	bb93da049f1b30c24c77ca682de8f8b5b1cf42e07425769972020d5cc7dae6f3	129	EVC-006	Assets/image-82d4deb7c2c182c4.png	UMA disputers coordination/EVC-006_02_image-82d4deb7c2c182c4.png	01_ORIGINAL_EVIDENCE/UMA disputers coordinating/image-82d4deb7c2c182c4.png	04_Standardized_Evidence/UMA disputers coordinating/EVC-006_02_image-82d4deb7c2c182c4.png
01_ORIGINAL_EVIDENCE/UMA disputers coordinating/EVC-006_03_Benni_UMA_Discord_owner_appearance-23df4b07753333f9.rar	a51d42a76c0febc73d6878426285c867bf4b6ee7297b4f178feca6c656924548	129	EVC-006	Assets/Benni_UMA_Discord_owner_appearance-23df4b07753333f9.rar	UMA disputers coordination/EVC-006_03_Benni_UMA_Discord_owner_appearance-23df4b07753333f9.rar	01_ORIGINAL_EVIDENCE/UMA disputers coordinating/Benni_UMA_Discord_owner_appearance-23df4b07753333f9.rar	04_Standardized_Evidence/UMA disputers coordinating/EVC-006_03_Benni_UMA_Discord_owner_appearance-23df4b07753333f9.rar
01_ORIGINAL_EVIDENCE/UMA disputers coordinating/EVC-012_01_uma_perma_peace_deal_june_15_thread-5be3016ed216414a.txt	280022674e5702b8a9a1d37fc40002b939d16d61f76a8d54102b7123efb60dd4	135	EVC-012	Assets/uma_perma_peace_deal_june_15_thread-5be3016ed216414a.txt	UMA disputers coordination/EVC-012_01_uma_perma_peace_deal_june_15_thread-5be3016ed216414a.txt	01_ORIGINAL_EVIDENCE/UMA disputers coordinating/uma_perma_peace_deal_june_15_thread-5be3016ed216414a.txt	04_Standardized_Evidence/UMA disputers coordinating/EVC-012_01_uma_perma_peace_deal_june_15_thread-5be3016ed216414a.txt
01_ORIGINAL_EVIDENCE/UMA disputers coordinating/EVC-012_02_screencapture-oracle-uma-xyz-2026-06-16-12-a15f15c07ed09435.png	f78d9d44025862b302263f478b6248da9dcdc5d86d71480a13d7cfb794697710	135	EVC-012	Assets/screencapture-oracle-uma-xyz-2026-06-16-12-a15f15c07ed09435.png	UMA disputers coordination/EVC-012_02_screencapture-oracle-uma-xyz-2026-06-16-12-a15f15c07ed09435.png	01_ORIGINAL_EVIDENCE/UMA disputers coordinating/screencapture-oracle-uma-xyz-2026-06-16-12-a15f15c07ed09435.png	04_Standardized_Evidence/UMA disputers coordinating/EVC-012_02_screencapture-oracle-uma-xyz-2026-06-16-12-a15f15c07ed09435.png
01_ORIGINAL_EVIDENCE/UMA disputers coordinating/HLpHylzagAAbWDx.png	45e588852ee0c087069eaa5dcc1d468d44d9625792f3648703cf97a42a54d344	113	DCE-010	03_Screenshot_Context/HLpHylzagAAbWDx.png	DCE-010_Davy_Jones_UMA_tokens_force_it_through.png	01_ORIGINAL_EVIDENCE/UMA disputers coordinating/HLpHylzagAAbWDx.png	04_Standardized_Evidence/UMA disputers coordinating/DCE-010_Davy_Jones_UMA_tokens_force_it_through.png
01_ORIGINAL_EVIDENCE/UMA disputers coordinating/HLpICwha8AEY4tZ.png	917440dc050211ea21abba9d03938c580aeb53797976b9ca75c42f303d83eb11	114	DCE-011	03_Screenshot_Context/HLpICwha8AEY4tZ.png	DCE-011_borntoolate_other_whales_same_page.png	01_ORIGINAL_EVIDENCE/UMA disputers coordinating/HLpICwha8AEY4tZ.png	04_Standardized_Evidence/UMA disputers coordinating/DCE-011_borntoolate_other_whales_same_page.png
01_ORIGINAL_EVIDENCE/UMA disputers coordinating/image.png	6aa83497028adb5e501143af6eda1083cfabf596941840128b3b13f7388a6aea	115	DCE-012	03_Screenshot_Context/image.png	DCE-012_public_commentary_yes_whales_interim_mou.png	01_ORIGINAL_EVIDENCE/UMA disputers coordinating/image.png	04_Standardized_Evidence/UMA disputers coordinating/DCE-012_public_commentary_yes_whales_interim_mou.png
01_ORIGINAL_EVIDENCE/UMA disputers coordinating/Screenshot 2026-06-25 225656.png	7eb27b1bdf0d3d8a7392d73c631602b1c44ff7dabecb3fc321a07f1b52c0ee03	116	DCE-013	03_Screenshot_Context/Screenshot 2026-06-25 225656.png	DCE-013_Verdit_X_post_UMA_token_holder_warning.png	01_ORIGINAL_EVIDENCE/UMA disputers coordinating/Screenshot 2026-06-25 225656.png	04_Standardized_Evidence/UMA disputers coordinating/DCE-013_Verdit_X_post_UMA_token_holder_warning.png
01_ORIGINAL_EVIDENCE/UMA disputers coordinating/Screenshot 2026-06-25 230359.png	335b9d49426d59da5a543dcd2453f560ea268e53caebcfe65702939251bbe14a	117	DCE-014	03_Screenshot_Context/Screenshot 2026-06-25 230359.png	DCE-014_borntoolate_message_context_search_result.png	01_ORIGINAL_EVIDENCE/UMA disputers coordinating/Screenshot 2026-06-25 230359.png	04_Standardized_Evidence/UMA disputers coordinating/DCE-014_borntoolate_message_context_search_result.png
01_ORIGINAL_EVIDENCE/UMA disputers coordinating/Screenshot 2026-06-26 114208.png	388a2ef8240031efb4f5a26e033a669bf41e425f0218f1311e5fa428640808a7	118	DCE-015	03_Screenshot_Context/Screenshot 2026-06-26 114208.png	DCE-015_borntoolate_fulfilled_my_part_agreement.png	01_ORIGINAL_EVIDENCE/UMA disputers coordinating/Screenshot 2026-06-26 114208.png	04_Standardized_Evidence/UMA disputers coordinating/DCE-015_borntoolate_fulfilled_my_part_agreement.png
01_ORIGINAL_EVIDENCE/UMA disputers coordinating/Screenshot 2026-06-26 114557.png	e83ba9e8a9383ce1332aa4de561e7853e6b437b2061a243d8905aa16c1115a86	119	DCE-016	03_Screenshot_Context/Screenshot 2026-06-26 114557.png	DCE-016_drespasmo_Lazarus_US_Iran_dispute_context.png	01_ORIGINAL_EVIDENCE/UMA disputers coordinating/Screenshot 2026-06-26 114557.png	04_Standardized_Evidence/UMA disputers coordinating/DCE-016_drespasmo_Lazarus_US_Iran_dispute_context.png
01_ORIGINAL_EVIDENCE/UMA disputers coordinating/Verdict (@GetVerdictHQ) _ X_files/HLpHylzagAAbWDx	45e588852ee0c087069eaa5dcc1d468d44d9625792f3648703cf97a42a54d344	113	DCE-010	03_Screenshot_Context/HLpHylzagAAbWDx.png	DCE-010_Davy_Jones_UMA_tokens_force_it_through.png	01_ORIGINAL_EVIDENCE/UMA disputers coordinating/Verdict (@GetVerdictHQ) _ X_files/HLpHylzagAAbWDx.png	04_Standardized_Evidence/UMA disputers coordinating/Verdict (@GetVerdictHQ) _ X_files/DCE-010_Davy_Jones_UMA_tokens_force_it_through.png
01_ORIGINAL_EVIDENCE/UMA disputers coordinating/Verdict (@GetVerdictHQ) _ X_files/HLpICwha8AEY4tZ	917440dc050211ea21abba9d03938c580aeb53797976b9ca75c42f303d83eb11	114	DCE-011	03_Screenshot_Context/HLpICwha8AEY4tZ.png	DCE-011_borntoolate_other_whales_same_page.png	01_ORIGINAL_EVIDENCE/UMA disputers coordinating/Verdict (@GetVerdictHQ) _ X_files/HLpICwha8AEY4tZ.png	04_Standardized_Evidence/UMA disputers coordinating/Verdict (@GetVerdictHQ) _ X_files/DCE-011_borntoolate_other_whales_same_page.png
